4,PBpL,Perc 30#4196327
4,PBpL,YoutubeYUSKEY#3153255
4,PBpL,YouTubeHamii#3807391
1,xiUa,Bcast#1831004
1,xiUa,TheAkittaja
1,xiUa,TwitchXBLucifer#9511239
7,BIox,Leave#8644984
7,BIox,Battle1917#6554001
7,BIox,Depv#8377295
2,QPTo,Froodoo Beggings#2259374
2,QPTo,iQxNi
2,QPTo,DragonFastFire#5868102
6,Iwnf,Dudebro#2533277
6,Iwnf,Edge#8669010
6,Iwnf,Crazykratos29#4784574
3,Nbsf,noble txvy#5478547
3,Nbsf,Aдидас#2862142
3,Nbsf,RichiAguila#3017882
3,vJxv,Darks#8561905
3,vJxv,kaizzeer#3389230
3,vJxv,BAIBAN#5669276
1,ZXgz,imakissyou#3044116
1,ZXgz,gamer_152
1,ZXgz,NyShooter94#7936812
3,lVXo,Siritron
3,lVXo,iZex#2386716
3,lVXo,NotJimboo#9315935
2,kzLR,Disco#5434754
2,kzLR,SwaeHewyYT#3823721
2,kzLR,Uzi#5483950
2,JRWU,snypa#8004713
2,JRWU,--#2186010
2,JRWU,Waterfish#9912037
4,GGdE,SirCampAlot#5981851
4,GGdE,Rivine#5413871
4,GGdE,eminxyz
6,NDRA,TwitchTVjudgexx1#7634343
6,NDRA,Hasty95#3194566
6,NDRA,dababa#1433088
3,AGNr,imredzone#3672931
3,AGNr,RRRRRio#7312896
3,AGNr,MrJellyBean#3392934
7,Kgdo,AncientOne#4352892
7,Kgdo,Doozy#5522696
7,Kgdo,___#8721030
1,BoHA,xTrooperr#1752311
1,BoHA,Kevin Gates#8586521
1,BoHA,Walter#6171272
2,ttOK,Imjor#2115161
2,ttOK,Noctixs#3941493
2,ttOK,Natsume1337#7196627
6,xbgZ,Chips#4730250
6,xbgZ,YT-TooGooD#1212250
6,xbgZ,斗鱼丶鹰眼注视死亡#7835870
1,MTVX,pavs#5634418
1,MTVX,CodyWuzHere#5821894
1,MTVX,TWITCH SPRACT#9637550
2,MGaF,fizz#1229862
2,MGaF,PlatiniumYT#5675600
2,MGaF,reaper#1070536
1,OOgM,SiuPakChoi#5202049
1,OOgM,Unrealwyatt#2917716
1,OOgM,ArmaduraDivina#3764347
7,zMOC,MR_DRIFTER69#6080899
7,zMOC,PrinceRaso#5556449
7,zMOC,BlazingGonorrhea#7298057
7,IsnS,PeakySlays#3211336
7,IsnS,braim#2596705
7,IsnS,GDbooya#2226426
7,fYpg,Lks boss#1150314
7,fYpg,StephGlizzyYT#8843305
7,fYpg,Rymm#5543720
3,kvwy,OnlyOneOx#3345362
3,kvwy,North Pavs#3010388
3,kvwy,약탈자
6,Oupm,wrdzy#3808028
6,Oupm,Cyberchriso
6,Oupm,YanksTV_#7123736
4,UKtC,ResidentSleeper#9608888
4,UKtC,ARCN#3005977
4,UKtC,Elvergullasx#1552791
1,KYFQ,Final乂Strikeツ#9857980
1,KYFQ,Jev#1470336
1,KYFQ,BREAD941
5,dpEk,YOUTUBE BRANTZ#6552017
5,dpEk,kidbuu#7453022
5,dpEk,sosnitskey#8810497
5,DTtj,clandy7777#6147964
5,DTtj,Used-Tofu#8188248
5,DTtj,Orfila1#5548354
6,VdDM,doom_fifakill
6,VdDM,DizzMahLife#5613617
6,VdDM,KHODY#4313873
7,Ikoh,Flyz#5857822
7,Ikoh,不知火
7,Ikoh,capeza#7732431
3,CTVY,Chi len#8768286
3,CTVY,TommyLongGlock#6809538
3,CTVY,FlushOnDaRiver23#3332207
4,wevA,Gfhutchinson#1337511
4,wevA,Zred#1079239
4,wevA,Beerzy#1057125
4,drWK,YOUTUBEuStressed#5551857
4,drWK,Acro#8983448
4,drWK,ekzadcarry
3,HgjN,Adrisufas
3,HgjN,Kken#4502980
3,HgjN,Blazski
4,GUTn,Menace#7826028
4,GUTn,zyp2042
4,GUTn,Bernard#1791438
7,repl,AnthoFlow#3778830
7,repl,Punisher#6133900
7,repl,trendz#9216458
2,HAha,WhiteNinja#1267196
2,HAha,ThomG1994_#2136966
2,HAha,J4XH#2615833
1,QwMn,Error404#6775155
1,QwMn,bb_sean
1,QwMn,deadomen#4621421
4,DIHA,douyu丶yuyu#7402131
4,DIHA,ToTos#2791613
4,DIHA,Naruto_Uzumaki#9662108
4,ACIf,DAHOODI#5199783
4,ACIf,susu#8988624
4,ACIf,Jav#6232075
6,BTtf,KlutzyBOSS716s
6,BTtf,rev#8647719
6,BTtf,fknnnnnnnnnn_g18#1953081
1,CIzs,Sadness_sama#1677870
1,CIzs,Muuu#6447185
1,CIzs,tatted#9370187
3,jYfZ,Luckyowl#5275068
3,jYfZ,oo#1783899
3,jYfZ,prachk
2,grHO,YoutubeStreaking#3087000
2,grHO,Ranksss#7454072
2,grHO,YTGrimGrim3937#2986750
1,LIce,surge#8222318
1,LIce,守护梦梦要有长征精神#2044026
1,LIce,obieslayinpipe#4142019
3,ObLp,wiki#2099468
3,ObLp,LifeGanG#7292724
3,ObLp,Xbox#1700033
7,FaJU,marconi#1824597
7,FaJU,cannotaim#1222865
7,FaJU,errisurizjoe
5,fDTL,julia#7642289
5,fDTL,Mdnitmeattrain87#6932537
5,fDTL,TheCoDFather#7443751
4,BjSL,Alexliu
4,BjSL,Hs035
4,BjSL,Tourva#9192586
6,OfSK,Sunflower#9436996
6,OfSK,CLIPPY#7218298
6,OfSK,神サタンStrafeous#5872863
7,mJyx,SkeeterMcGee#1311382
7,mJyx,queijo x Umido#1280874
7,mJyx,Santa#6313851
5,PsHq,forcenitoyt#8932722
5,PsHq,shlarge#3857165
5,PsHq,DaTa#2023473
7,RNTm,CharlieFoxtrot#1639132
7,RNTm,NATHAN#7291721
7,RNTm,Rev#9447178
6,oAGL,Pike#5415408
6,oAGL,iam_vicious_x#4973077
6,oAGL,LIZ#6267818
5,VGtz,冷锋#4311658
5,VGtz,KaMiTor1#6962098
5,VGtz,Adept#4243287
6,GGpv,Aminbahrani47#3109792
6,GGpv,KriLLex_YT#4520193
6,GGpv,micz#5416175
2,jmcG,OhSoFaint#6782547
2,jmcG,aceboogie_04_ttv#9799006
2,jmcG,PoutineC#4960358
7,vdiJ,luckyxxyt#3104852
7,vdiJ,xxxvbsment#4389342
7,vdiJ,slaaaaaapped#7718949
6,icwc,MIIZT#1350246
6,icwc,ZEFF#8175283
6,icwc,Brazzers#3155510
3,oUem,deadend177
3,oUem,Terminal#3934920
3,oUem,li-bodi#3638452
4,iYnk,Nush#9713742
4,iYnk,FATAL#4468862
4,iYnk,AteS#2795983
3,dTeA,MasonZ#7519087
3,dTeA,TTVPWNSTARZoCOM#3520624
3,dTeA,xman#1231252