6,XaZO,Perc 30#4196327
6,XaZO,YoutubeYUSKEY#3153255
6,XaZO,YouTubeHamii#3807391
7,Jrpb,Symfuhny#9553798
7,Jrpb,Bcast#1831004
7,Jrpb,TheAkittaja
5,ZIVH,TwitchXBLucifer#9511239
5,ZIVH,Leave#8644984
5,ZIVH,TwitchRickyFilus#1486116
6,Soxc,Battle1917#6554001
6,Soxc,Depv#8377295
6,Soxc,DragonFastFire#5868102
4,plMW,Froodoo Beggings#2259374
4,plMW,iQxNi
4,plMW,Dudebro#2533277
6,rmyX,Crazykratos29#4784574
6,rmyX,Edge#8669010
6,rmyX,noble txvy#5478547
1,pmyI,Aдидас#2862142
1,pmyI,Darks#8561905
1,pmyI,RichiAguila#3017882
4,URQk,kaizzeer#3389230
4,URQk,NyShooter94#7936812
4,URQk,BAIBAN#5669276
2,CEDB,SwaeHewyYT#3823721
2,CEDB,Uzi#5483950
2,CEDB,iZex#2386716
5,iSsp,NotJimboo#9315935
5,iSsp,style#2091599
5,iSsp,ＯＬＩＶＥＲ#4184463
2,IxNl,Disco#5434754
2,IxNl,folkstories#6434448
2,IxNl,독도는우리땅#3092933
3,JvwP,Giohvani#1978012
3,JvwP,--#2186010
3,JvwP,Imjor#2115161
3,Pysm,SirCampAlot#5981851
3,Pysm,Waterfish#9912037
3,Pysm,Rivine#5413871
7,cgxH,AncientOne#4352892
7,cgxH,Bruce The Goose
7,cgxH,Walter#6171272
2,zUHs,dababa#1433088
2,zUHs,MeatMyBeat#4480569
2,zUHs,blessedyt#5950035
2,GhRw,reaper#1070536
2,GhRw,Used-Tofu#8188248
2,GhRw,Doozy#5522696
3,BWjt,___#8721030
3,BWjt,fizz#1229862
3,BWjt,zyp2042
7,pmGv,不知火
7,pmGv,xTrooperr#1752311
7,pmGv,Kevin Gates#8586521
1,kXhT,Natsume1337#7196627
1,kXhT,Chips#4730250
1,kXhT,Frozeck#5849928
6,OQPI,pavs#5634418
6,OQPI,斗鱼丶鹰眼注视死亡#7835870
6,OQPI,Landbear#9778247
1,bcCl,SiuPakChoi#5202049
1,bcCl,SuicunesFury#3792104
1,bcCl,SP#6302573
7,YjgN,BREAD941
7,YjgN,StephGlizzyYT#8843305
7,YjgN,Unrealwyatt#2917716
5,LwXe,sosnitskey#8810497
5,LwXe,Remorse#9756464
5,LwXe,Cyberchriso
5,veiv,Rymm#5543720
5,veiv,PrinceRaso#5556449
5,veiv,MR_DRIFTER69#6080899
5,CYQT,GDbooya#2226426
5,CYQT,kidbuu#7453022
5,CYQT,BlazingGonorrhea#7298057
5,KENF,PeakySlays#3211336
5,KENF,braim#2596705
5,KENF,OnlyOneOx#3345362
1,JWIB,KABAL VS BARAKA#2036972
1,JWIB,FlushOnDaRiver23#3332207
1,JWIB,약탈자
4,uXHg,wrdzy#3808028
4,uXHg,KHODY#4313873
4,uXHg,YanksTV_#7123736
2,hZOG,Elvergullasx#1552791
2,hZOG,Final乂Strikeツ#9857980
2,hZOG,Jev#1470336
1,ckDU,ashishmishra#6042507
1,ckDU,TommyLongGlock#6809538
1,ckDU,doom_fifakill
1,fLzk,capeza#7732431
1,fLzk,Stallion#6500563
1,fLzk,Bernard#1791438
2,TfJA,Jav#6232075
2,TfJA,YOUTUBEuStressed#5551857
2,TfJA,Beerzy#1057125
4,ybdC,DizzMahLife#5613617
4,ybdC,Gfhutchinson#1337511
4,ybdC,IMPL#9146026
2,cCbD,Punisher#6133900
2,cCbD,Pepega Clap#1009292
2,cCbD,Kken#4502980
1,fALO,Zred#1079239
1,fALO,D77omnation#9982484
1,fALO,bb_sean
1,zFwk,M1ke1LL#9685188
1,zFwk,Hs035
1,zFwk,deadend177
2,ekyI,AnthoFlow#3778830
2,ekyI,Acro#8983448
2,ekyI,ekzadcarry
3,lvXF,Adrisufas
3,lvXF,Menace#7826028
3,lvXF,forcenitoyt#8932722
5,vxlG,Blazski
5,vxlG,douyu丶yuyu#7402131
5,vxlG,KlutzyBOSS716s
3,Wygv,TheAkum
3,Wygv,Corey#5897587
3,Wygv,trendz#9216458
1,PAHQ,WhiteNinja#1267196
1,PAHQ,ThomG1994_#2136966
1,PAHQ,J4XH#2615833
5,SPbM,ToTos#2791613
5,SPbM,Naruto_Uzumaki#9662108
5,SPbM,DAHOODI#5199783
3,uwEs,aceboogie_04_ttv#9799006
3,uwEs,守护梦梦要有长征精神#2044026
3,uwEs,Mepxy#2991004
5,xgAf,Luckyowl#5275068
5,xgAf,rev#8647719
5,xgAf,fknnnnnnnnnn_g18#1953081
1,zHUv,Aminbahrani47#3109792
1,zHUv,vinnywitdasemi
1,zHUv,Muuu#6447185
4,INGp,tatted#9370187
4,INGp,Ranksss#7454072
4,INGp,surge#8222318
3,Gapy,Terminal#3934920
3,Gapy,prachk
3,Gapy,YoutubeStreaking#3087000
7,Wzvl,micz#5416175
7,Wzvl,Wadvan999#9677404
7,Wzvl,zj3b#8821594
5,rmcL,YTGrimGrim3937#2986750
5,rmcL,obieslayinpipe#4142019
5,rmcL,Xbox#1700033
1,uJbx,xman#1231252
1,uJbx,TheCoDFather#7443751
1,uJbx,LifeGanG#7292724
4,icXl,marconi#1824597
4,icXl,Tourva#9192586
4,icXl,cannotaim#1222865
3,teLl,errisurizjoe
3,teLl,julia#7642289
3,teLl,MIIZT#1350246
1,hCyJ,Mdnitmeattrain87#6932537
1,hCyJ,LIZ#6267818
1,hCyJ,Alexliu
4,NUTY,XO#7323309
4,NUTY,TWITCH VBSMENT#8361985
4,NUTY,Sunflower#9436996
6,AXPa,CLIPPY#7218298
6,AXPa,Nush#9713742
6,AXPa,神サタンStrafeous#5872863
5,bTwz,SkeeterMcGee#1311382
5,bTwz,CharlieFoxtrot#1639132
5,bTwz,queijo x Umido#1280874
1,lGPy,Pike#5415408
1,lGPy,Santa#6313851
1,lGPy,luckyxxyt#3104852
6,Zcmq,django#9751772
6,Zcmq,TTVPWNSTARZoCOM#3520624
6,Zcmq,shlarge#3857165
4,SBXu,RAF#2861085
4,SBXu,Bheliar#7171048
4,SBXu,Adept#4243287
7,igfP,imagine#3865363
7,igfP,iam_vicious_x#4973077
7,igfP,li-bodi#3638452
4,yrZZ,冷锋#4311658
4,yrZZ,ToxicalLag#9287862
4,yrZZ,KaMiTor1#6962098
6,JWFP,ZEFF#8175283
6,JWFP,slaaaaaapped#7718949
6,JWFP,KriLLex_YT#4520193
2,IlVH,Benzo#2443467
2,IlVH,OhSoFaint#6782547
2,IlVH,PoutineC#4960358
1,SwgN,FATAL#4468862
1,SwgN,AteS#2795983
1,SwgN,MasonZ#7519087
4,mCDW,die#8415605
4,mCDW,Father#8105949
4,mCDW,Soap#7780464
5,XZwO,DouYuTV丶腰子#7195549
5,XZwO,AC-130 Above#3340160
5,XZwO,Lausaihu#5568106
1,EnFN,fatcatyiovo#1155053
1,EnFN,imbad#6850568
1,EnFN,パウル#1769337
4,TrOa,Tub#1114296
4,TrOa,Adocts#4221566
4,TrOa,SeaBags#5581365
2,HjuN,Junk#9405136
2,HjuN,Brobasaurusrex
2,HjuN,kind#3840339
5,lpVG,ImGodly#9091787
5,lpVG,HOLNR
5,lpVG,Azuos28#9844976
7,xRLR,Roy#8119936
7,xRLR,Hh------revenger#2769425
7,xRLR,CallOfJudy#4017671
6,RwSA,RedKarn4g3#3410621
6,RwSA,MiThyXLiveTTV#4244690
6,RwSA,BruceJr#7988566
2,Klcn,papitopr52
2,Klcn,Discreet#5158289
2,Klcn,Astro#2870607
2,aZFU,Bradl3y69
2,aZFU,GLaYy#7842769
2,aZFU,Islide#6591667
2,mauN,Earth#1531582
2,mauN,Shah Jahan#3315903
2,mauN,zifye
6,HNue,proxyDIFFERENT#8732175
6,HNue,아기요구르트뺏어먹기#8431298
6,HNue,bot 4#2092378
7,nxjA,Vaenum
7,nxjA,ThatDamSasquatch#7997444
7,nxjA,Sammy#9307147
2,uFpu,Ricky Spanish#9559307
2,uFpu,Nexespc#1016080
2,uFpu,Sealy#1864814
4,ROVO,Rick Astley#3893532
4,ROVO,NoFaith#2940179
4,ROVO,Havoc#2537649
7,qZpZ,Kevin-Vito-1#6870007
7,qZpZ,Vix#5690855
7,qZpZ,Psycho#9040464
4,IcUV,scp#3307368
4,IcUV,JustBe1K#2826390
4,IcUV,megaman#9867706
2,LVDc,lxMagicxl#2926887
2,LVDc,slayer01010
2,LVDc,ZooFo#3637340
2,iUWj,brz#9570959
2,iUWj,gottzyy#7345756
2,iUWj,Harm#3337468
4,HVbU,CeeKay#3690040
4,HVbU,JiggyBuckethead#2392620
4,HVbU,volcomas#5227208
3,xgrt,Murdah#1094243
3,xgrt,beatyGoesIn
3,xgrt,Togood2betrue02
4,xboz,BlueBird#2300399
4,xboz,Steelcurtain#8941230
4,xboz,Baylis#1597053
6,Tjmy,About40badguy#9356453
6,Tjmy,Rice Master#4412567
6,Tjmy,MPcontrolward#1937218
2,ymCP,aj#5932355
2,ymCP,RPJesus#2501375
2,ymCP,Corpsereaper
3,VpDA,toratoratora#9451507
3,VpDA,ZeroFG#6124636
3,VpDA,JustMoreTalented#2016687
3,ihMw,smxiaoli
3,ihMw,Natix#4817197
3,ihMw,LuckySkill#6153625
5,WLSq,Misconducting#4858400
5,WLSq,Miniollie#2062811
5,WLSq,damage#2660227
1,ZyqY,Wizzkid#1690443
1,ZyqY,Conmandonman
1,ZyqY,tandoorioven#3490856
4,ONxB,DinoVidis#4558179
4,ONxB,Xiirip#7815732
4,ONxB,Third Eye#5085722
3,VHuQ,Malko#6835304
3,VHuQ,xrocke7x#7852218
3,VHuQ,BAMS#5917353
2,CvVz,levikapsh#8698165
2,CvVz,shinratensei#2405896
2,CvVz,Tonyboy#8107854
1,etxm,a9898
1,etxm,TakinNOLosses#4303831
1,etxm,weed#9764743
4,egxa,eros#3420750
4,egxa,zephy#3142771
4,egxa,VKmito#3674485
6,HOIz,Bodsyy#3843710
6,HOIz,Lazy#3708049
6,HOIz,Gucent#2765585
5,Pwsm,jeff_killer13#1949439
5,Pwsm,ak#9397997
5,Pwsm,Peekomango
1,Zjke,Myth#9439134
1,Zjke,Ares#7983151
1,Zjke,W6N#7325277
4,rxkm,adeulex
4,rxkm,MR SOWETO
4,rxkm,Kayguls
1,mCxL,棒棒糖狂魔#8221150
1,mCxL,Twitch-酒意入桃枝#7159492
1,mCxL,d3f4ult#2442557
6,DvGs,Savage#8064043
6,DvGs,Onedontmiss
6,DvGs,cj#6402029
2,Poxz,Limit Ander#4154707
2,Poxz,reef#3842763
2,Poxz,바슈#8729411
6,Yake,lokat22#2931282
6,Yake,Endlessmovement#4258695
6,Yake,Leitão#3943946
7,cKBy,뤼팡#3052892
7,cKBy,Eroahh#4806791
7,cKBy,디소울#5844536
6,Bcak,AmazingHorse#6560233
6,Bcak,Ttch_easy_dad#9094180
6,Bcak,Stun#5104711
4,fxdo,RaiZ#5878205
4,fxdo,Chicken#2114589
4,fxdo,Oceane#3295994
6,ZazF,Slay#4951476
6,ZazF,失控的破碎#2221628
6,ZazF,FuzzDaBuzz#5132459
5,VzXL,Coyeauxt#9157341
5,VzXL,xanpola#7408101
5,VzXL,Talos#6160963
1,eQXz,rSleepyOnTwitch#5891947
1,eQXz,keyes#6388718
1,eQXz,Rasmus#1866934
6,xgRc,Nukeemking
6,xgRc,DKneSS#3167912
6,xgRc,Kingnojustice#8647172
7,MzZK,TwitchTvVqaj#7974773
7,MzZK,Zack#4217912
7,MzZK,possumstomper#4288872
1,JlFe,AlmightyDill#8154693
1,JlFe,--#7839526
1,JlFe,Cloudlight#6947611
5,QYLA,-Siddhu-
5,QYLA,TrashImOGMikeV8#3899299
5,QYLA,noobmaster#5696719
5,ReSE,DSJaviRevueltA
5,ReSE,Hasta La Vista#4116158
5,ReSE,izz#2090846
2,paUA,GRGfpsTH
2,paUA,1337METALL#9969463
2,paUA,Burtyz#9811435
4,EDRM,Loona4eva#3643840
4,EDRM,Itslaps#2410746
4,EDRM,Nz#3818004
5,YSWQ,GiannarassTwitch#8227578
5,YSWQ,Sonu#2699570
5,YSWQ,omgreddevil#6696999
7,gZcs,CampOfDuty#9481461
7,gZcs,RedFox#1992706
7,gZcs,PickleRick#4611938
3,dfLR,frizz#1904527
3,dfLR,ItsFoxOMG
3,dfLR,KMP#4478192
6,jnRh,Qshbl#5531961
6,jnRh,TwitchXhiet0#2510909
6,jnRh,Azr1m#4205169
2,jIWI,Ziko#4020771
2,jIWI,Knw#6668824
2,jIWI,Slimesito#4519288
5,ohHg,Tw1n5#4706344
5,ohHg,We1GH#7117444
5,ohHg,Toothless#5456277
4,PEhl,Hydro#5397497
4,PEhl,theloneranjer
4,PEhl,Julie Cash#5715369
6,utqP,MxWx3 111
6,utqP,Quest#7322096
6,utqP,EVO#6556749
6,xKsT,DTownsFinest214_
6,xKsT,rawoce#9307668
6,xKsT,saitama_777#4017665
7,Gxxe,tS KAMFLEX#2493007
7,Gxxe,x1D0ne#2354531
7,Gxxe,Stimpy#9399719
4,Jzab,adomar#3266069
4,Jzab,PoKygi
4,Jzab,Sir-beast
4,RpfY,TtanBrand#9341114
4,RpfY,coldchen
4,RpfY,Zeroxmercy
6,HkZE,vanqish#4707637
6,HkZE,50Caliber#5323829
6,HkZE,fail#9296110
4,Apuq,Diiibsy#1892462
4,Apuq,Crazedgaming97#1258894
4,Apuq,Perrus#3131830
7,mNdl,BareGreen#4720492
7,mNdl,Marcos_340
7,mNdl,JohnInsprucker#5774149
1,FLzt,Hollow#7126128
1,FLzt,ndublh
1,FLzt,ArtIsHereTv#4387193
3,sxdF,GFXZ#5069128
3,sxdF,Fazewhite#3101607
3,sxdF,Ayeatty#8499561
4,DRGv,Oreo_2604#2856817
4,DRGv,Txpacc#6005502
4,DRGv,TwitchTV주엽이#5283143
2,LmlF,Secret-stroller#3800955
2,LmlF,Desdinova69#1157013
2,LmlF,SidVicious#2932436
1,DTbW,Raptor#1859996
1,DTbW,xSyrixZ#5888418
1,DTbW,anon#9710417
3,hrVw,breezeoff#7288590
3,hrVw,ĐŘĐєคtђภคเl#8656587
3,hrVw,Shively#7524977
4,sZqr,JAKE7
4,sZqr,Papi#1243315
4,sZqr,DARKDRAGON#8527582
2,VqDP,Hak_on
2,VqDP,Bearrr#2729729
2,VqDP,Hottinge#7858097
6,eMat,Scentie#7428269
6,eMat,Shep#2775350
6,eMat,xim#2843779
4,XfRg,chiligamez#8386805
4,XfRg,arbalest#9012052
4,XfRg,Baker#2723695
6,ZYBE,Era#8802530
6,ZYBE,Diesel#1271983
6,ZYBE,LJ#3136766
2,FNpv,rodgercheeto#8671483
2,FNpv,Razer#8177911
2,FNpv,theftex
6,BLpe,F34R MURPHYY#2895160
6,BLpe,Exetra Beatz#6039643
6,BLpe,FelineSprint#5060389
3,XVsn,Lolkiller069
3,XVsn,bootyliquid#7932677
3,XVsn,Duck#1128492
2,whSj,destroyer#6041135
2,whSj,Nova#5148516
2,whSj,domeblaster dan#7841226
1,LxcY,Doozy#7363499
1,LxcY,jaygobrazy#6102281
1,LxcY,PABLO_E_SCOBAR-G#6778410
1,mCqS,SwaggTasticT23
1,mCqS,Anubis#9782536
1,mCqS,凌波Ayanami#3161688
7,OkJa,pdptoru#3237820
7,OkJa,iigot Tapioca#4709195
7,OkJa,FerdaSwan#4247850
2,gnDM,mayron#3295287
2,gnDM,Kronos#7135498
2,gnDM,YaLex#2421714
4,gOgw,ffsjamie#2349188
4,gOgw,Astro Bill#6311558
4,gOgw,creepy#6084017
7,XePt,Karlee Ys#1618346
7,XePt,Goku#5971120
7,XePt,starvinmarv
7,ipVl,kindanutsss#1963125
7,ipVl,EasyB#8422322
7,ipVl,barter#9549926
5,QGsq,yak#4554011
5,QGsq,Callofbooty#2678810
5,QGsq,antonypowerr#7525643
2,zfBa,abudu#2748116
2,zfBa,Skates#9644479
2,zfBa,itzartshot#5040989
7,kBjm,ProRoutes#1924378
7,kBjm,violet#3121144
7,kBjm,luki#1269724
6,xXTb,YsRBeaM#1653979
6,xXTb,Rainer#5669255
6,xXTb,Bretz22#8759487
2,prmn,Thas#3253827
2,prmn,H8sin yt#8960261
2,prmn,takoyaki#5924817
4,hyvD,god#5095683
4,hyvD,atlas#8015988
4,hyvD,MrTGGGG#8951223
5,eHll,Purex#2019049
5,eHll,blazza18
5,eHll,Binks#4512837
6,cgYm,anhdrw#9576818
6,cgYm,csep#1031969
6,cgYm,Kdub#7117790
1,uuIx,Bachxx#4660360
1,uuIx,slow#4254118
1,uuIx,sinisтзя#7013624
3,zTgj,many kittens
3,zTgj,malinoth#8766790
3,zTgj,Zohan#8431860
1,JNMC,El10Michael#4834234
1,JNMC,Slyverh#2036798
1,JNMC,CaptnJabs#3675505
2,dBhe,douyu丶7441446#3893865
2,dBhe,Noble Demon#7322233
2,dBhe,Malekaveli#8366154
1,KCeX,JMyth#4540363
1,KCeX,tfpninja
1,KCeX,Th3 dark knight#1039703
2,oOwa,Slimnonny
2,oOwa,chaosmelody#3564281
2,oOwa,Youtuberhodekill#5400061
2,WnMH,PredatorBP#1941924
2,WnMH,Sicario#6478314
2,WnMH,OnlyFansCEO#9935465
5,lBMu,魔鬼#9900656
5,lBMu,Gunplay#1149668
5,lBMu,Patz#1608619
4,Meoo,Zoro#8623017
4,Meoo,xi6rB-_x#2698319
4,Meoo,YT_Infinity_Jr#4917007
4,fpwi,BigCstyle#8375368
4,fpwi,freddy#1201678
4,fpwi,xmrgodz
6,tlSP,Ttvogd__#5906172
6,tlSP,haircut#2065971
6,tlSP,Angel#3057242
3,jQoJ,jp21#4482198
3,jQoJ,Raffatal#4378768
3,jQoJ,Ra1z1N
4,KyPS,Nico#1529832
4,KyPS,Prettytony59
4,KyPS,Caden#6547983
2,qtPg,Hyraq400#6233203
2,qtPg,Roller#4600060
2,qtPg,Ruyeng TTV#5417824
2,eMZI,wacke#6788203
2,eMZI,renegado#1568433
2,eMZI,Brainshooter#5598776
3,dvwu,rabbit_c#5705428
3,dvwu,Toxic_Marksman#6570061
3,dvwu,deniro420
6,qYOX,fblivenerdmurda#5754698
6,qYOX,EatBullets#1727688
6,qYOX,Yo F3edZ
6,eaQg,masfia
6,eaQg,choppaz#9398815
6,eaQg,STAN_MAN94
6,xAAF,Goeez
6,xAAF,N1ght 0wl#3706478
6,xAAF,Dize#7900294
5,cAcd,Twitch MarioXBL_#6774006
5,cAcd,felipek#7915713
5,cAcd,Skinny#6430867
2,bkrC,urnextstepdaddy#6690449
2,bkrC,Zeppra#2097293
2,bkrC,SirM7MD#8795582
6,xEUP,Juice#3966729
6,xEUP,Captain#8196899
6,xEUP,opaJx#5209815
3,DZHa,Asik#4044404
3,DZHa,Igorzaumm
3,DZHa,stifler32#1851440
4,UBBs,Apocalypse#6492429
4,UBBs,Samuel8437#7352027
4,UBBs,통이#6996695
5,hYOZ,WruceBayne#1415741
5,hYOZ,Dieurainbow#6881929
5,hYOZ,SandyCheeks#9029912
7,ZtiG,TheRealPh4ntom#5989343
7,ZtiG,F4K3_Twistyy#7579331
7,ZtiG,Sollo-#2993407
4,JKPh,Canedo14
4,JKPh,KoSa#5019430
4,JKPh,Devilsavatar-x-
2,MIKu,leohnel#1877593
2,MIKu,Shocks#4272019
2,MIKu,Digitalbill#3304546
7,GCnR,Ghosty#5253633
7,GCnR,FormaL#4328793
7,GCnR,Seoulsurvivor
6,jlRJ,pHofficial
6,jlRJ,GENZ#6323329
6,jlRJ,Jason990428
2,ztkP,Dirty Juju
2,ztkP,JOKER20#8952149
2,ztkP,TwitchHeadache#7171456
7,MIfw,Elias#7676831
7,MIfw,dartlin
7,MIfw,Jwikle#8393138
1,BZCl,Carlito370#7346842
1,BZCl,Yoshi#8632423
1,BZCl,pandahzj#1761445
5,PEKL,May#7052410
5,PEKL,Loonz#7992263
5,PEKL,Romaine#7629766
7,aohK,Jarra7
7,aohK,YaDadsYaMum#8802334
7,aohK,Captain America#4484799
7,rKEA,Sumnlite#4402018
7,rKEA,sabotage#3434296
7,rKEA,piidde#5645936
3,jLmm,JustMicho#9634781
3,jLmm,FOO#3361453
3,jLmm,Felipe_Cecato#5669268
7,yWFq,NitroLukeDX#3167998
7,yWFq,Triple Nine#8890217
7,yWFq,ONIC#5414669
4,JSlg,Bertbever1
4,JSlg,STompaAu#5825120
4,JSlg,Johnsavs#2043676
6,YVZW,niloc#2422964
6,YVZW,Kyonu#6047994
6,YVZW,Bull_Terrier805
7,OaxT,giddywraith
7,OaxT,shooah#1495675
7,OaxT,Wiesse_jo10#8065016
5,uXal,Skyfall PLaying#2397126
5,uXal,Rucy5#4888277
5,uXal,Xxstonehardxx
7,nrXo,SleepingMarmots#9173450
7,nrXo,KillerBob68#9567145
7,nrXo,YT_Sherroh#3263196
6,sTXp,DMZD#4050979
6,sTXp,grav#8781950
6,sTXp,D3ft
3,dlxj,wangfuguer#2814362
3,dlxj,Brummieh#2181328
3,dlxj,ggggg#3306142
7,GQVh,Snake#2148470
7,GQVh,Gwhizzyp#1150825
7,GQVh,Aznskill#4465347
4,LMKP,Wolf1745
4,LMKP,Tunes_TM
4,LMKP,YouTube Norq北#9255011
1,wtGj,fruitwinder#2772353
1,wtGj,Joby1284
1,wtGj,Bruz3#6034578
2,yGgl,Reload#1689833
2,yGgl,Perv#8088351
2,yGgl,Ihluna#9368089
6,SjUK,coltonequalbeast
6,SjUK,Griggz#1401638
6,SjUK,Laviah#7449131
5,axWM,Hentai-Senpai#1304574
5,axWM,Pap#5504565
5,axWM,CLSTRN#6283133
1,lcbt,kingprodigy#6295867
1,lcbt,Vrabou
1,lcbt,333#2170715
6,vgVF,Nbkassassin
6,vgVF,Flame#7189827
6,vgVF,NATO 556#1741691
7,xLLU,oscuro Rey#2004166
7,xLLU,ALTF4#8869832
7,xLLU,aiin#9914172
7,kqMj,Ez#2490522
7,kqMj,iAIMッ#6041516
7,kqMj,I Killed Bill#4086337
3,Zwqr,jwd#1776161
3,Zwqr,SUPERSTACKz#7204732
3,Zwqr,Spluad
3,Fhuu,Motsuka
3,Fhuu,Falcon#2416552
3,Fhuu,AGM1KU
7,vApv,Actt_z#3339879
7,vApv,awbz#6835662
7,vApv,Lordt#2372724
1,aYcy,Fox#5540649
1,aYcy,Youtube Mdess#8713898
1,aYcy,Subsonic#2251550
6,XPJq,dummyboymilo#6123426
6,XPJq,iShmurda187#5366930
6,XPJq,Colonel007#6310740
5,EqBM,xenovar#2568827
5,EqBM,Boo7y#8273065
5,EqBM,Shadowcompany799
5,nYcL,DracoVinsmoke#8674329
5,nYcL,jungwest#1502870
5,nYcL,TwitchMIKOLOTV#6973623
7,XuDo,BlAcKHaWkS8500
7,XuDo,AlMightyRigo#9519580
7,XuDo,Geminis#9795715
1,DtpM,GuySmiley200
1,DtpM,lorin ashton#1744162
1,DtpM,Blade#5274452
3,nVRr,Praxxic#6335849
3,nVRr,TheRealDon#5005479
3,nVRr,mepix
6,OMLa,poggersinchat#5604564
6,OMLa,MasterBang#2536623
6,OMLa,JJuuJJuu#9857026
4,kdci,iMawnstrosity#6335881
4,kdci,GarbyMcGarbage#4764876
4,kdci,Jovanni_JoJo
5,MbiX,JAKE#8249895
5,MbiX,Deadly#1716059
5,MbiX,Kalinka#2854325
1,TYEk,ckssud1024#2644523
1,TYEk,JuicyFruit#3680995
1,TYEk,DarMen#6274023
5,ANjp,Qvenga#8303545
5,ANjp,Ares#1196009
5,ANjp,Vnk
1,jIst,Lunatic#9939441
1,jIst,ttvmyubiii#1734739
1,jIst,nilllzz
1,uYJM,vkhsd#7496831
1,uYJM,Jeff#7627271
1,uYJM,YOYO#4726581
7,VfRD,IGUNSEMDOWN
7,VfRD,Delta421#4518255
7,VfRD,pamaj#8665066
6,VKLg,Schillok#4649471
6,VKLg,diaperdan#2192999
6,VKLg,LvF2 YT#7059031
2,JxRe,palma#4094903
2,JxRe,xMaGniFiK--#5071571
2,JxRe,Amr_625
3,gzBr,ZyloRen#8843412
3,gzBr,LuXy#8330454
3,gzBr,RobsonCarioca
3,Cvsf,Lyio#4386177
3,Cvsf,Stellar#9375540
3,Cvsf,Coath Empty#6022397
1,aKFB,AsToxicAsZyklon#8468205
1,aKFB,blueboi44
1,aKFB,Jeremiah#6846479
4,bHrM,rynnäkkörami#9748663
4,bHrM,Nitro918#9059865
4,bHrM,DPAC_Choppa#1164058
3,bnBM,iitztheg#2522107
3,bnBM,obeynation#8671518
3,bnBM,BigGirl#3746995
3,Udkn,Narox
3,Udkn,Ex#4440829
3,Udkn,Kawaii Waifu#1444775
1,wfof,icarus#9927809
1,wfof,NaZGuL#8276748
1,wfof,the spaffy#5096416
2,pFGY,TropRapidPrToii
2,pFGY,jks717#8288061
2,pFGY,tsdy#2402746
6,wtMS,brenkio#7862862
6,wtMS,Yombi713
6,wtMS,Fastigium#7516268
7,pakU,DATBOODS
7,pakU,UFO#4654325
7,pakU,Fsxnerd#6889949
7,aYdq,ToysRus#9955068
7,aYdq,JWL#7004478
7,aYdq,royalkali#9741145
4,fdcX,trappy iii#3698045
4,fdcX,Xsavage
4,fdcX,-DZ_NutZZ-#9867093
7,TzmO,TyBot#1749690
7,TzmO,Vyrkan#6289702
7,TzmO,skllzthatklllz
5,nwYa,Nasty#4509076
5,nwYa,Oozi_Takeover#2773429
5,nwYa,TheSoberChef#3563663
6,uLPM,dazkiz#2285279
6,uLPM,Raz#6069735
6,uLPM,xXMajor#1896023
5,evgf,DAHCHARGER
5,evgf,By sam shot#3210985
5,evgf,malphaseous
7,Tfam,일당백#4876493
7,Tfam,ReXWon#6902114
7,Tfam,scofield#8188209
1,Rgas,Skullzo
1,Rgas,Jutsu#2909202
1,Rgas,Noonie#1156746
1,TKvy,Sulo#1398013
1,TKvy,TRUCE#4188105
1,TKvy,impermanence#2186010
5,GuuV,Gintel#2970346
5,GuuV,Prox#3318481
5,GuuV,Mir#2075184
3,KgWa,Astronaut#6165342
3,KgWa,Chiefz#1726168
3,KgWa,Hollywodz#5492823
3,CKwE,Spylazerrr#9503912
3,CKwE,Pakistani#1644276
3,CKwE,dante#4010380
7,cfLo,kierrajuice#8230815
7,cfLo,Powers#2332372
7,cfLo,CrZyCuban#8986512
6,eodI,KouZ#9817936
6,eodI,Sporecs
6,eodI,oniltreezy
4,HDOD,MinecraftAddict2#4245126
4,HDOD,Twitch-DrCharmin#1916370
4,HDOD,KnottyEvo#2116752
4,ifUV,Vozzza
4,ifUV,RobelDosta#1573224
4,ifUV,TheRealFragg#2810951
7,pyAJ,uptempo-mf
7,pyAJ,Waifupillow#5440514
7,pyAJ,Sc00zie#3823026
6,HCGv,wtfgwar#7149457
6,HCGv,Pizzasteve#2740947
6,HCGv,Getsmokedbum#2292848
1,LRxa,elchapo#5820800
1,LRxa,CrackMasterBuns#8966011
1,LRxa,LHommeAuMilleC4#6585177
