6,Havasu,LongislandatlaS#6583861
6,Havasu,Ty_Am03#9667836
6,Havasu,Thad_Acehole#4867412
5,PaPa Team,Hey Dont Be Mad#6574703
5,PaPa Team,ur bad#4961360
5,PaPa Team,Snow#6768625
6,Team massacre,JohnWick#7422075
6,Team massacre,Xkiddmassacre
6,Team massacre,JUGGERNAUT#3362042
4,CBA,Burtond50#2351986
4,CBA,Piercy33
4,CBA,BradenW11
3,621k,Jesus#5217900
3,621k,Donut#5107664
3,621k,Worksheet#7344811
2,GoOJe soup,bahamamoma#9963823
2,GoOJe soup,Ch0nqdingo#5747225
2,GoOJe soup,rpeyton18
3,Rotten INDIVIDUALz,Ravens0126
3,Rotten INDIVIDUALz,Mailman1502
3,Rotten INDIVIDUALz,Hunter138792
4,Team Charged Up,WHODATIS545#6992102
4,Team Charged Up,white-_-ghost10#6516585
4,Team Charged Up,TheRealdtrain03#6507868
6,Brosb4hoes,Killart#7706098
6,Brosb4hoes,Killtrain101#2087469
6,Brosb4hoes,NO_THUMBS6
2,The Nookie Nibblers,Rags#7578945
2,The Nookie Nibblers,Liknucas#3715297
2,The Nookie Nibblers,i have two dads#6453700
3,2Valhalla,SO1LDERxOFxGOD#8867916
3,2Valhalla,TheVitaminx#5748428
3,2Valhalla,DAMSK1PPY#6896105
1,DemBigboyz,Skips#5427295
1,DemBigboyz,Flex4nut#4050890
1,DemBigboyz,Wilder#7926335
4,Bear Patrol,Ellite25
4,Bear Patrol,Sad_eyeZ_#6868179
4,Bear Patrol,ThreeBs
6,Virgin DESTROYERs,MERICA1776#2385744
6,Virgin DESTROYERs,Madmoney93#9875755
6,Virgin DESTROYERs,Colleindo464
4,mcmuf regi,riotzone#2888866
4,mcmuf regi,Fb_Lazer#1131443
4,mcmuf regi,Ramrod#7338427
5,The Slaps,Mrshinnister#6474938
5,The Slaps,GentleScroll76#4935086
5,The Slaps,Shewbert#4277703
5,Team Clutches,ii#9683977
5,Team Clutches,MP5 is Bae#1848673
5,Team Clutches,Sf FlamePlays#9007252
3,Lone Starz,diehardSpursfan
3,Lone Starz,Black_Thunder#5041787
3,Lone Starz,Ace_of_Spade21
4,KelTHOSIG,OSIRIS#8326010
4,KelTHOSIG,ZEUS#4215431
4,KelTHOSIG,JWORK14J#7467720
2,las vegas luchadors,glizygobbler#3977212
2,las vegas luchadors,Bluerosegeneral#7426783
2,las vegas luchadors,User30985100#9965373
4,Prestige,ChrisS_0330#9127294
4,Prestige,dloko23#4198153
4,Prestige,iHavStretchMarks#1515926
5,You almost had us,Imgunnaeatursoul
5,You almost had us,Bobbyem1034
5,You almost had us,utubegreenwolf95#3234979
2,TROOT ALLIance,HAIRY BAWS#1802426
2,TROOT ALLIance,Meesta chow#4819327
2,TROOT ALLIance,xEvanMcCafferty#9979188
3,4DSG,PaddyPower#9449828
3,4DSG,Erickfabry13#3071484
3,4DSG,Preacher_90x#7863732
1,PGn gaming network,PGNDARKXIMMORTAL#1582578
1,PGn gaming network,Kingray#5544557
1,PGn gaming network,PGN-SpaZ#2988786
1,NoggiN kNockers,ChIcobean#1295180
1,NoggiN kNockers,Koldmorth#2851891
1,NoggiN kNockers,LilSlimezz#3365844
1,Tea-Boys,Kanna안녕#8250891
1,Tea-Boys,SLEEP#6826376
1,Tea-Boys,THEICEQUEEn#6841937
6,HEART AND SOUL,MELISSAKG
6,HEART AND SOUL,Kingg clutchh#6304833
6,HEART AND SOUL,KOOLAIDMAN9213#3886765
4,Mudd butt,Shabby69DaGawd#8341128
4,Mudd butt,SpYroelise89#5546147
4,Mudd butt,Truevers#9807391
5,YouWontplaymeinreallife,12aDoritoRX7#7663235
5,YouWontplaymeinreallife,Freekill88#8347547
5,YouWontplaymeinreallife,Bigflacc1d#3957953
4,LLJM,No_Cheese_Plz
4,LLJM,MrkilleveRyting#4139620
4,LLJM,WORLDBOSS_jamz#7828927
3,Dog Shit Apes,jimmyjeutron#8373531
3,Dog Shit Apes,obiwanjablomi#1411121
3,Dog Shit Apes,Jacquesy99#8099561
2,Not campers,Goldengoose#3219087
2,Not campers,ThomasJuice#6508966
2,Not campers,Restallrock
6,Jimmy Unchained,pajamaboy#2091019
6,Jimmy Unchained,Lost-rodRiguez24#4244080
6,Jimmy Unchained,Iownlesley#8046551
4,Ming mercilus,Linguinus#2770907
4,Ming mercilus,Dmoneybunny#8408429
4,Ming mercilus,HNSNSNEVIL#7874933
2,The MOST DISGUSTING GAMING BASTARDS,robinsio#4949361
2,The MOST DISGUSTING GAMING BASTARDS,LJarvis29#8524997
2,The MOST DISGUSTING GAMING BASTARDS,FatDoug#1135042
2,Zesters,Drzuz#4852132
2,Zesters,BeastoftheEast#1073485
2,Zesters,Sammyfanatic#7332426
3,Sunder's Bunber,SonOfSam#6284943
3,Sunder's Bunber,trapmanlet#6179764
3,Sunder's Bunber,michaelvicc#9913772
5,Pp Boyz,Thickumesmcgee#7125930
5,Pp Boyz,Spaceshipuzi#8620093
5,Pp Boyz,Wiggityowned#8539699
6,Team Supa,Goneinsane972#4781990
6,Team Supa,Foxy#3953879
6,Team Supa,khalif#4577009
3,Mrt,scorpio30Sweat#1345767
3,Mrt,Tball32#5408026
3,Mrt,Posey_Renzel#1805006
5,Young gunzz,W1ldBoyzz#1989011
5,Young gunzz,gunzablazin2014#2661300
5,Young gunzz,IXT0KENXI#5070357
3,SQUAA,Digital karma
3,SQUAA,strictly_one#6936798
3,SQUAA,ashzeefa
3,WFH_BOYZ,Beezee#5063568
3,WFH_BOYZ,guesswhoy0
3,WFH_BOYZ,diorrhea
2,TBA,general_Mangos#3282231
2,TBA,Pootytang4ever#4632256
2,TBA,Renegade-#5735008
3,Zen,1165#6951380
3,Zen,Masefire#4718187
3,Zen,x IM a stud x#5959584
6,Girthyboyz,Bigdiesel#9986551
6,Girthyboyz,Girth_Brooks_91#2825095
6,Girthyboyz,Bbqslayer50#4288276
5,FKG,Papakrund#4582831
5,FKG,Unfilteredink019#1779626
5,FKG,GrIzz#6646983
1,Roc*,x-D-eA-d-p-o-o-l#5002537
1,Roc*,Chico-15#1330630
1,Roc*,Kashlocks#3471575
1,Anathema,iamnox
1,Anathema,Spoodles#6958399
1,Anathema,K2_Astro#1157547
2,Bruno,kglizzy#2718336
2,Bruno,cactus#9869453
2,Bruno,Toe#7531312
3,Ave. Rage,Mrboejangles91#5230863
3,Ave. Rage,Silverdrummer911#4753114
3,Ave. Rage,Hellbent#6252440
1,Monarchs,KINGxDESTROYERxX#4669337
1,Monarchs,KingxCruzxx#3012075
1,Monarchs,Debeli dijete#4169846
3,tripod,Bobby98#2643602
3,tripod,yzzAzzo#6575369
3,tripod,szekebeoo#8767445
1,The Basement,BTSLLOYD#9138013
1,The Basement,Billtemper#4272523
1,The Basement,Big baller#7852377
3,Yogis wanderers,ROGUEYBEAR#3762806
3,Yogis wanderers,Hofnerjames#3692533
3,Yogis wanderers,whhtty#8555067
5,STEEL CITY SLAYERS,KingbobviiI#2809380
5,STEEL CITY SLAYERS,SAMMERTRON#7110126
5,STEEL CITY SLAYERS,Kiarasss7#9073367
2,the bones are their money,tweatysaint#5018342
2,the bones are their money,Ericjun915
2,the bones are their money,NsFarmer#3876084
3,the maylor's,mikey_dub69#5077075
3,the maylor's,nayloraider#2520480
3,the maylor's,zachtoocold#4413851
4,Yeet Squad,Rukcus#7787091
4,Yeet Squad,NSLENG#1393812
4,Yeet Squad,HamSammichson_16#7963946
6,The cLappers,The1onlyshaggy#2878613
6,The cLappers,BigJ2408#8546122
6,The cLappers,copenhagenjack#1828348
6,pinchfluffypanda,fluffychango
6,pinchfluffypanda,BIGPANDA3000#4509519
6,pinchfluffypanda,PinchJ0ker#9885304
1,Shazam,MonkeyD#7377584
1,Shazam,waterboy10#3104943
1,Shazam,BizR___
2,All-Stars,InFamousOne7237#5013538
2,All-Stars,MLP_CUH#1421055
2,All-Stars,Don PEPE#3470387
2,The Red Team,ragnar#3358764
2,The Red Team,EldiabLos_slave#8952884
2,The Red Team,swaggerkohli#6707315
6,The CamperS,Splinter1984
6,The CamperS,Onehandedgamer3#4806013
6,The CamperS,Alpha origin#1169149
5,SCOTT'S TOTS,pARTyOf3_#6241231
5,SCOTT'S TOTS,w3dmis2on#9885860
5,SCOTT'S TOTS,NOlo_jay#8921966
4,NoRwood Green hooligans,Barry sCott#8284377
4,NoRwood Green hooligans,Richard#9353867
4,NoRwood Green hooligans,Patrick#9669739
2,the women respecters,Mozzarella stick#1306789
2,the women respecters,Scary#4409660
2,the women respecters,Loaded NACHO#5969928
5,The Arry's,PVEC
5,The Arry's,Watch_your_six6
5,The Arry's,Dudleythebanana#2590960
4,Abunchaloosecannons,Envy#4131863
4,Abunchaloosecannons,Bandzthetatman#3786743
4,Abunchaloosecannons,R0TTEN BANANNA
1,B2B,HippedyHop#6753242
1,B2B,Decepti#1043826
1,B2B,Tryanhd
6,Tier1,TIEr1_Taco#1350631
6,Tier1,Tier1_Churro#7401150
6,Tier1,Tier1_Migus#1483864
2,The hounds,Pastorcsmitty#2924820
2,The hounds,Thelefty33
2,The hounds,Hidden_Giraffes#6953079
4,The hottest potatos,Xmentime#6730647
4,The hottest potatos,Ginjaninja#1507720
4,The hottest potatos,Anabraysonlyfans#6930242
1,Team avatar,sun#2145283
1,Team avatar,CHristopHo#1785238
1,Team avatar,Stonercomer#9624138
4,K67!,Macadocious408#9988438
4,K67!,Notes#5246498
4,K67!,Theeprospect24#6857571
1,Team mez,GROVER#7226382
1,Team mez,Squallity Time#2457277
1,Team mez,Macyeye#2789623
1,The Farmers Boys,PIECES_N_Pie#4316123
1,The Farmers Boys,Scott Chegg#8476907
1,The Farmers Boys,Willie Collum#4414193
5,HAsw,Giggsy6996
5,HAsw,Jamiepandrew#8631179
5,HAsw,USER65236792#1039582
1,BalkanBrothersinarms1312,sokzg86#2439298
1,BalkanBrothersinarms1312,Kalifornikacija#4125603
1,BalkanBrothersinarms1312,COPE#6910615
2,704 Head Hunters,Freedaweed#6602176
2,704 Head Hunters,Freesmoke#2553569
2,704 Head Hunters,imurkU#6986085
4,relative factors,shliggz#1893705
4,relative factors,zack2attack
4,relative factors,Crimsonhawk30#2547280
5,Phenti Squad,Commander Mike#5694168
5,Phenti Squad,Cristianoz_23#4787233
5,Phenti Squad,MonTy#3005948
3,Colour Squad,mountainkid12#7669115
3,Colour Squad,crow#7119722
3,Colour Squad,Flamingo#8184935
2,Nagazaki,PAMPARA#4773502
2,Nagazaki,Estifer809#3697963
2,Nagazaki,jeanco809#1451897
3,Saggy hoop,RipleyUK#2437442
3,Saggy hoop,Palindox#8222694
3,Saggy hoop,marvelwray#3464530
1,hugs_for_drugs,iNeed2p#9768629
1,hugs_for_drugs,-_-#3533226
1,hugs_for_drugs,tacobells_taco#4549528
4,da babys,Copester0103#2088296
4,da babys,Derbyfanjack
4,da babys,Smithy_523#7192760
4,milfshakers,milfshake4199#1847684
4,milfshakers,Rayne4
4,milfshakers,Bakedclam22#3395039
6,Paoer rangers,KRRUX#7674209
6,Paoer rangers,Mannypacloud#6037250
6,Paoer rangers,Etheter#4593580
2,West Coast Nightmare,Wyrschnightmare
2,West Coast Nightmare,Stinky#4054595
2,West Coast Nightmare,GimlisGrandad#4727812
1,Akua Gaming,lLogvn#3867903
1,Akua Gaming,breezzyy#6817813
1,Akua Gaming,JustBetter#4461494
6,Glizzy Swoolowoers,SupremeSolja1#1802951
6,Glizzy Swoolowoers,Its ZLO33#1746232
6,Glizzy Swoolowoers,BIG PApa mIk409#1552545
2,The Fellowship,asllew
2,The Fellowship,thesternfinger#5510374
2,The Fellowship,Big Game 07#3940534
6,ThE clusterfucks,Abuzzlamb895871#7159162
6,ThE clusterfucks,MAJORXXXBLUDDXXX
6,ThE clusterfucks,Shiningzeus1615#9963352
2,Funkywolves,Getfunky#6297743
2,Funkywolves,Silv3rclaw
2,Funkywolves,Gmz_Danny#2888964
5,Screaming eagles,Lilman5285#9665190
5,Screaming eagles,A-JAX96#2054158
5,Screaming eagles,TheManUAlsoKnow
3,Gwalla gwalla gang,YaBoilmoney12#4900716
3,Gwalla gwalla gang,AlphaStang4-6#8666566
3,Gwalla gwalla gang,Djrmaurice#4461536
5,trendzesports,xxlionxx2220
5,trendzesports,Gmann35
5,trendzesports,Zslayem#5680522
6,Old grammar,BigMazzy#6165565
6,Old grammar,mrayrtonc#2307108
6,Old grammar,Bombetts#1647052
5,The Trash cans,Fuzzott#7923564
5,The Trash cans,NothingNewTV#7014931
5,The Trash cans,Sweaty#6565515
3,The Heavy hitters,Blackout2214#8830173
3,The Heavy hitters,XDarkHazzex#8130146
3,The Heavy hitters,P3P3MIKE007#6081759
5,The WonderKinds,Lukkaluciano#3874572
5,The WonderKinds,Lazimind#8662879
5,The WonderKinds,UhOh Spaghettios#1527230
4,Penti squad 2,PROFESSOR#2805217
4,Penti squad 2,TABBBI#2406983
4,Penti squad 2,SniperSu#1041197
5,The Binky Babies,Harrow_down
5,The Binky Babies,LIKExAxCHOLO#6749898
5,The Binky Babies,Square#6557541
3,THE DREAM TEAM,WESLEYFREEMAN22
3,THE DREAM TEAM,Sethrocket#2864308
3,THE DREAM TEAM,Thepope8#7036352
4,Prancing City Farmers,IntoxicateD#9087413
4,Prancing City Farmers,TheUkie#8708632
4,Prancing City Farmers,Youtastenummy#5019831
1,stank boyz,Daxis#8902737
1,stank boyz,FloridaMan772#5949435
1,stank boyz,BALMYPOLECAT
6,Final Bovine Blisters,Dark poop#4925168
6,Final Bovine Blisters,A Drunken HORSE#6192235
6,Final Bovine Blisters,TheRedRocket#7177057
5,tourney NOOBS,GodOverMoney361#9755979
5,tourney NOOBS,Deogy7836216#5227845
5,tourney NOOBS,SRPREZIDENTE#3672058
6,joyful supremacy,rileyreid69#6833543
6,joyful supremacy,MURDAMAN#4564881
6,joyful supremacy,CAJUNGATORBALL#9216109
2,COSV,JLBv#2624249
2,COSV,B M H v#7941106
2,COSV,Sammyellis#3070240
1,Melior Massive,Ronannszn#5891604
1,Melior Massive,Bendingooo#2318538
1,Melior Massive,Parky0011#2320731
6,UDEAD,Jokerdan27#9347055
6,UDEAD,sketchykat#4535020
6,UDEAD,RabbitHRF
4,cold blooded kilos,Jenksmeister#9805993
4,cold blooded kilos,POWERPOD RAWBANT#7276596
4,cold blooded kilos,icewolf_leGend#9923944
5,!Sog,Mynamedontfither#1901481
5,!Sog,BillyBumpofd#8206602
5,!Sog,Carlossoloso23
1,The greaseballs,Lothar#7164530
1,The greaseballs,Glizard#4477232
1,The greaseballs,MilkMan#5500653
6,Project X3,Bigdaddy999#4225222
6,Project X3,JusD2#9677067
6,Project X3,Brando7ramos#9839884
1,LO1E,DORINJOO#5922909
1,LO1E,aWaDa#7398809
1,LO1E,babayaga#1145183