5,R+G=d,Deathnote2300#8082535
5,R+G=d,Mr_Logical#5632368
5,R+G=d,Jas4595
3,Makin Dreamz Come True Gaming,Decree#5253604
3,Makin Dreamz Come True Gaming,Glockdition1
3,Makin Dreamz Come True Gaming,TheWanderer#5054307
4,Electric Pow Wow,VagueAlias#3727868
4,Electric Pow Wow,CAZADOR#8699777
4,Electric Pow Wow,BranWagon#5098054
2,EPICx,opnicuh#2104882
2,EPICx,Mike Litoris#3119544
2,EPICx,Epicx#1042777
4,420ut,laydown61#1111703
4,420ut,jasonw1978#4358141
4,420ut,DIZ#1404461
4,The banana boys,Dylanbopper#2556445
4,The banana boys,Fivepin#1854815
4,The banana boys,Bananas3433#5602937
1,SBMM Boys,LoAndy#3275631
1,SBMM Boys,Espanchosj
1,SBMM Boys,Jossepinon#1028217
3,Bet money,Lockhearth#4191537
3,Bet money,Ro_099
3,Bet money,ShWInnn
5,Snax,Favreforever04
5,Snax,Realrayfinkle#7181613
5,Snax,killingmofo
3,Here2die,SKarjr98#2388220
3,Here2die,FAINTINGGOATZ6#3385732
3,Here2die,dumBestwHarf619#6900987
4,Team FLAWDA,Chris Kyle#4455607
4,Team FLAWDA,Simo Häyhä#1752501
4,Team FLAWDA,Harvey Oswald#6418167
3,100+ Club,Fatalxsilencer#1771735
3,100+ Club,kn7ghtszn#7230642
3,100+ Club,Doc#2043686
3,621K,Jesus#5217900
3,621K,Jason TrainOr#3902513
3,621K,Donut#5107664
3,4OneOhh,Cobra5point0
3,4OneOhh,Dan0974#3293659
3,4OneOhh,Chiefflash#6010699
5,Midwestbeast,SWEETKILLER84
5,Midwestbeast,addy_thesnowman#9556755
5,Midwestbeast,Scrub8777
5,SLIMEYCOMPANY,200xbb#3895065
5,SLIMEYCOMPANY,GNSKYE#9505730
5,SLIMEYCOMPANY,Gne_Rick#9821736
2,SiK DyNAMIKS,Drizzy#7973661
2,SiK DyNAMIKS,Savage-Millz#9989394
2,SiK DyNAMIKS,Khris Middleton#4862868
5,The killers,RODERICK_001#4457743
5,The killers,CARITOLDU#3955640
5,The killers,Nick_rldu08#4275300
3,The monkey squad,specialboi520
3,The monkey squad,hemnay15#2221324
3,The monkey squad,Dilly#3379505
4,Raging Zoom,vinay727#7895466
4,Raging Zoom,Thorodan#7723905
4,Raging Zoom,RawTing#8335486
3,twisted tea baby,Beetle Juice#5500066
3,twisted tea baby,Dwight Shrute#8388596
3,twisted tea baby,Carole Baskin#7002875
1,THe honeybees,fishsticks0106#9644320
1,THe honeybees,Munkie#6805459
1,THe honeybees,dnk#8739650
5,Wolf2k,Wolfpak2k12#9785231
5,Wolf2k,Sleepywolf#8532445
5,Wolf2k,007wolfnation#3381395
5,WeAreDivine,DIVINEREQUIEM-#9858491
5,WeAreDivine,SoopaHero#6964639
5,WeAreDivine,uglyadult#3277749
4,New World order rp,styleninja#2744622
4,New World order rp,Callmemummy#7367161
4,New World order rp,carole baskin#7627447
5,Soflo killaz,Elpingu#5118119
5,Soflo killaz,Primo 420#8870929
5,Soflo killaz,Riskypingoniski#2031812
5,UnknownKillers_,Covid19#7078092
5,UnknownKillers_,DaQuan47#2553447
5,UnknownKillers_,Whack-A-Mole_252#9897344
5,Getclapped12346,Lazylemon420#9667604
5,Getclapped12346,sand4fire#7617497
5,Getclapped12346,Joker#7969660
5,Stealth&snipingconfederation,Asadorn#2968583
5,Stealth&snipingconfederation,Zerck85#9421126
5,Stealth&snipingconfederation,Macro falik#2385956
3,3v,Chelo#5473380
3,3v,SupersevI7#1541461
3,3v,Rucatrecas007#2791415
3,GLIZZY GLADIATORS,Slat#2819617
3,GLIZZY GLADIATORS,Sasuke#1625452
3,GLIZZY GLADIATORS,gabba chOnk#7448117
4,MALVINS_STAR_H0B1,HiddenH0B0
4,MALVINS_STAR_H0B1,HiImMalvin
4,MALVINS_STAR_H0B1,bufuastar#4694857
5,Sworn outlaws,Meatdoggaming#7666316
5,Sworn outlaws,NOVALUKE#4902103
5,Sworn outlaws,Tmaster#3735496
4,RAFP!,MajorDiscipline#6114033
4,RAFP!,FatMan G#8933693
4,RAFP!,JBizle#3308102
5,LTU SQUAD,IGNASBAL#8444232
5,LTU SQUAD,Jvilkas#9304179
5,LTU SQUAD,pituks_gold#7745156
3,The Tunak TUnaks,S_bakshi57#9080481
3,The Tunak TUnaks,Twistingcrane#3181969
3,The Tunak TUnaks,Squiddwin#9039179
4,Da shootas,Jibbajabba120#4627159
4,Da shootas,austheshooter#8869541
4,Da shootas,Lahkobe1#2207093
2,SquaDRa,robbyluca#8091587
2,SquaDRa,dspadz
2,SquaDRa,adrenaline2028#1362640
4,The misfits,Sneakybadger69#3028905
4,The misfits,HERPES#7758575
4,The misfits,neptuneR02#4914566
3,blood money l,skunked
3,blood money l,Rallyx24#8647239
3,blood money l,Myth n lore#3124748
1,Powerpuff Girls,StampyBaby#9372182
1,Powerpuff Girls,Kiez#3507370
1,Powerpuff Girls,Lewis the GOAT#9843253
3,Blood warriors,I_vera#8112751
3,Blood warriors,Jonafailxd#7276124
3,Blood warriors,xxISAIxx593#3134424
5,Trigger fingerz,Jordan#4747432
5,Trigger fingerz,Jawayne3_Venom#7395847
5,Trigger fingerz,Sup_mollato#4488529
1,Birth,Mighty#9692733
1,Birth,Shadowdxxb#7594460
1,Birth,Silent#1337674
4,You Almost Had Us,Imgunnaeatursoul
4,You Almost Had Us,Bobbyem1034
4,You Almost Had Us,utubegreenwolf95#3234979
2,Bruhs,Slick n Groovy#2279919
2,Bruhs,DragonLord#4512069
2,Bruhs,Shirkyy
1,Vagitarions,Ngrye
1,Vagitarions,Iguanazo#9118579
1,Vagitarions,Iguanazo#9118579
1,DaChs,MitZi obrien#9060784
1,DaChs,Kmcneice#2234936
1,DaChs,Moylzee#5936622
1,team roach,Captainaguaa#4609525
1,team roach,Abbot#4830902
1,team roach,Smoke#2308432
1,Scuffed Gaming,AhsokaTano_332nd#9270347
1,Scuffed Gaming,bob_badasphoenix#5584294
1,Scuffed Gaming,BoB_Cardboard#4077954
2,Snaketip,Collins#4235499
2,Snaketip,Fox#9786761
2,Snaketip,Robson#9875915
5,UDEAD,Jokerdan27#9347055
5,UDEAD,sketchykat#4535020
5,UDEAD,RabbitHRF
3,TEAm blanchette,cheddazcheez#1673316
3,TEAm blanchette,bosceltics487#8961110
3,TEAm blanchette,Lechumga#7597986
1,The slide cancellers,bAwtymuNcher#7819174
1,The slide cancellers,SeanFromDawn#6765032
1,The slide cancellers,bawtykilla#7892006
2,Abheyers,R05g13#8320557
2,Abheyers,Faze_Penguin21#3369020
2,Abheyers,GOD_of_COD4787
4,Los Guapos,Saltypollo#6571209
4,Los Guapos,dudumilkdud#8616448
4,Los Guapos,Childishgladbino#9387677
1,SUS GANG,Angel#6601096
1,SUS GANG,MrShmeat#4066681
1,SUS GANG,Jacob#5984591
2,THe moox militia,xMOOX#6648841
2,THe moox militia,xGodfish#2082639
2,THe moox militia,WaistlessFoot30#4254994
3,codics anonymous,rcs7ven#4421008
3,codics anonymous,vevolt#2662447
3,codics anonymous,Northsaad#5584469
5,VSPA,mfsiddiqui#1668210
5,VSPA,tBOY75K#1663631
5,VSPA,moyo966#5123318
2,The Rooks,ScottageCheese#5892384
2,The Rooks,Shroooominator#2257203
2,The Rooks,JayBird#9696075
4,Team JEK,Fishyyy10#7363160
4,Team JEK,el NarquiLlo#1460250
4,Team JEK,Ameza0824#5868315
1,The triforce,LEINAD_VZLA#8928039
1,The triforce,Urco22
1,The triforce,Pedrobermudezb#8183971
2,kawaii,Dfalt#3099121
2,kawaii,gekyume320#6331778
2,kawaii,--#9266319
3,MRksmn,0utlaw#8845007
3,MRksmn,NICADDIctz#4570030
3,MRksmn,lonely#9129267
3,beefy's angels,doormat face#3894716
3,beefy's angels,beefy Beerus#8189039
3,beefy's angels,Crumblestilskin#9198173
3,The Last Order,Hot Shots#5311896
3,The Last Order,Xxkingjwcxx#3918356
3,The Last Order,KLAPMAN#7318501
5,French douchebags,dizney_princess8#3391498
5,French douchebags,Obellet
5,French douchebags,Strokke#1975055
2,Hunter's Heroes,Fin#1216713
2,Hunter's Heroes,KiNNeR12
2,Hunter's Heroes,Monkdom14
3,Alpha,alfa3940#4251062
3,Alpha,Roronoazoro#9776085
3,Alpha,parsanb76#1429611
3,THE esquineros,tano09#5872561
3,THE esquineros,shikasai#9933865
3,THE esquineros,TheAlbertA7x#6395952
2,Trio miedo cr,Fabiocr03
2,Trio miedo cr,Seb108108#1093717
2,Trio miedo cr,FSG31113
5,Valecnici,Yak#9040958
5,Valecnici,Rozai#6551109
5,Valecnici,Volkergenix#8991441
4,V2,Euphoria#1015093
4,V2,Breezy#1892759
4,V2,lester#8617725
5,ARMCOM,ARMOORE11#3519201
5,ARMCOM,COMOORE11#3074245
5,ARMCOM,RAMOORE11#9310550
1,EBO Massive,S3 KUF#8405914
1,EBO Massive,Bracks#7555692
1,EBO Massive,perkins#3020870
2,Mbase,Ereneray9211#7385144
2,Mbase,ANONYMOUS_7_#9823232
2,Mbase,lemirguneyl#3460632
3,Cambridge University Leroy Jenkins Appreciation Society,adz_roch97#5312651
3,Cambridge University Leroy Jenkins Appreciation Society,noobdestroyer69-#9414716
3,Cambridge University Leroy Jenkins Appreciation Society,Tiz_steve_x#4041127
2,CororBLind,El Dorado#8147562
2,CororBLind,Goozy#1423862
2,CororBLind,ZB#8580326
2,The Vultures,Alimhrb#3361123
2,The Vultures,Arminbz#3304700
2,The Vultures,Faded#4546434
2,piobar Oj,PepperSci#3213131
2,piobar Oj,Jockwell#6762451
2,piobar Oj,Ocnewo
2,Nova,NoVaoptomism#6839184
2,Nova,Batch94#1633031
2,Nova,Paddywack21#7204182
5,gULAGWINNERS,GrayDeniz#2688404
5,gULAGWINNERS,UTKAW#2428603
5,gULAGWINNERS,kjcm_pro#2463374
5,The od's,mRKILLEVERYTING#4139620
5,The od's,6ftdrillEr#6586740
5,The od's,Mrgreen420#4275843
2,THE G1Q,ceddb#3996923
2,THE G1Q,killerzone#6077967
2,THE G1Q,Kingkong1499
2,Golden beavers,zurka#9787236
2,Golden beavers,streetjesus#9458915
2,Golden beavers,dadek13#1068975
3,The brian tesm,Bri2anm#4552417
3,The brian tesm,Louisfutbol
3,The brian tesm,CsrTheKing
2,Alpacas,LAndoWave#6496905
2,Alpacas,thormanfenix#2441361
2,Alpacas,LandoWave#2353870
4,Twisted loins,Bigmicz87#3771096
4,Twisted loins,Jamie-boi1998_10#6212820
4,Twisted loins,Carole Baskin#8032793
3,hellsfire,Scottyb#3159931
3,hellsfire,BlackbeltHarri#3412936
3,hellsfire,OtisDriftwood666#4839435
5,KrypticHobos,KING3221OG#8376829
5,KrypticHobos,Bounty Magnet#1791423
5,KrypticHobos,Pyromani94#1647095
4,Kenbarlowsbois,Ian Beale#8431619
4,Kenbarlowsbois,Ken Barlow#3283073
4,Kenbarlowsbois,Phil Mitchell#4640766
4,P-239,InViNsIbLe_BoSs#1637380
4,P-239,Harry#1356686
4,P-239,jmmunden#6905933
2,2Hot,ButtMuncher#9111599
2,2Hot,Asswuper
2,2Hot,AnimebittIEs#3811510
2,Tolly Gang,swurve#2586880
2,Tolly Gang,Neeks#9020940
2,Tolly Gang,Tolmeister#3837684
4,Feckin Animals Min,Msd997911#2075434
4,Feckin Animals Min,Jimbo_slice6788#9973035
4,Feckin Animals Min,Bailey_laD42#8363882
3,Pork Slayers,Slayinpork273#4526063
3,Pork Slayers,Tugmypickle15#4361177
3,Pork Slayers,BillWillMadeit#3438580
2,The simpS,PANDULCE-504YT#2746738
2,The simpS,Chomin#4981013
2,The simpS,DAOS-_-504_HN#9733647
4,The chopstars,setarcos#8249220
4,The chopstars,QuantumthOtz#6407690
4,The chopstars,kam0tho03#9014832
4,Kisskiss,thomasjoseph94#3276350
4,Kisskiss,Xxantonio-217xx#5695654
4,Kisskiss,Cobyn
4,4skin,Eliza Ibarra#7869113
4,4skin,Glizzy#6038435
4,4skin,FreakyYapper#2496241
3,Bnrs,Lildcharles117#7841312
3,Bnrs,twitchFrijolcafe#2131150
3,Bnrs,Monoloco#4162087
5,peepee poopoo's,Beam#8805036
5,peepee poopoo's,QuodFlumine#7038156
5,peepee poopoo's,Squidbilly#3064664
4,The Trenchmen,therealkarizma#9628898
4,The Trenchmen,Warzonexwarrior#9900765
4,The Trenchmen,Rapitevil#2068528
2,YSL,Choji#9109318
2,YSL,Diorツ#9627275
2,YSL,fanumシ#9461994
2,Thesquad,Krave#2019196
2,Thesquad,Kisimak#1122175
2,Thesquad,Lucky charms#4706162
5,3 KINGZ,FUSIONZ#8814832
5,3 KINGZ,Bulletproof#3152629
5,3 KINGZ,FLEXFUSIONPLAYZ#5294959
5,Beastboys,Skeleton2345#3662740
5,Beastboys,HUND0O#8514731
5,Beastboys,SmilY_face21#3549737
4,bfl 2 dark thirty,Bulkington#8544127
4,bfl 2 dark thirty,Morts29#9658165
4,bfl 2 dark thirty,AFCTatooine
4,BDEAD,ANHIALATORIAMBK#5603564
4,BDEAD,Ol sweenz#7079022
4,BDEAD,Grim Psycho#2405483
4,Dysfunctional,TRICKYcase#5407814
4,Dysfunctional,thehomiechuck#7020671
4,Dysfunctional,buddahdaboat187#5674783
2,the lgtbq community,User31290205#5948167
2,the lgtbq community,The_FPShooterNL
2,the lgtbq community,Kankerpiraat#3863071
2,FXTI,andrescrack01#2487127
2,FXTI,natycrack05#1698083
2,FXTI,Fercrack04#7804105
1,KnocturneD,imilesdavis#3056905
1,KnocturneD,Jose jaLepano
1,KnocturneD,triplescooter17#6268139
3,Triple PPP,JPayno98#9244055
3,Triple PPP,ProfessorSnipe#2692067
3,Triple PPP,PABLO_THE_PERV#1859687
4,Za IT GUyz,kettler#8966855
4,Za IT GUyz,Eneyser94#7176345
4,Za IT GUyz,MADAPPLE38#8823919
1,Baylife,Benjii#6332818
1,Baylife,Wiggy7741
1,Baylife,Almondo#2589083
1,Delta Squad,Dasian#8538741
1,Delta Squad,Panda#4393945
1,Delta Squad,JmnzFester#2427685
5,Dinsters,Patrik382#2031182
5,Dinsters,sebi_crosby#1546765
5,Dinsters,Macant89#5493502
2,Funkywolves,Getfunky#6297743
2,Funkywolves,Silv3rclaw
2,Funkywolves,GMZ_DANNY#2888964
1,Your Butchers,Pateras#9310424
1,Your Butchers,BeardedGreekZ#9364207
1,Your Butchers,xidias#5423124
5,Los Chicos,Urtrashkid#2673668
5,Los Chicos,PumpedRacer8386#2454073
5,Los Chicos,BobtheBuilder#4761898
3,Da Shop,Shooter913
3,Da Shop,Jagly
3,Da Shop,NDShooda#4796425
3,Different Gravy,Natmat1234#2684146
3,Different Gravy,Geckowar20#9277115
3,Different Gravy,Harryk890#6638158
5,TeamC,AfterFX Gaming#4052267
5,TeamC,Z3RTV4J1B4N4#8236280
5,TeamC,MBuu#9290854
2,Creed,Dr_DRUG
2,Creed,Hooper81
2,Creed,Winston ingram#1976076
1,Lobos,Thefanmade
1,Lobos,mirinator
1,Lobos,ImMissNesbit#7501899
4,Join The Family 661,Jointhefamily4#5587268
4,Join The Family 661,Hitemlow661#4524418
4,Join The Family 661,Lestat661
2,Lui's Gui,Slider#6106498
2,Lui's Gui,TormenT#2599157
2,Lui's Gui,danny_dangles
4,SteamRoll,gginin#5157047
4,SteamRoll,YYAOFUN#6680478
4,SteamRoll,Oldcomer#2464872
1,No.1,LAWA#5866168
1,No.1,Matador#8017360
1,No.1,iClap#9668006
5,Team Reaperz,Datboife23#9073582
5,Team Reaperz,Wraith25251#6188174
5,Team Reaperz,Kingsandrade23
4,!SoG,MyNameDontFitHer#1901481
4,!SoG,CarlosSoLoso23
4,!SoG,BillyBumpOFD#8206602
3,SIMP,WillieP1#2147103
3,SIMP,kabirkhan14#6710939
3,SIMP,KobiashiBearDog#6851108
5,Mainliners,Fresh#3208275
5,Mainliners,Yammerhammer69#6275201
5,Mainliners,DRTYEK93#2868237
1,Imperfection,Mandy Muse#1461362
1,Imperfection,Miss Lexa#8833310
1,Imperfection,lana rhoades#4649500
4,TRICKY,MERKURIAL#7109214
4,TRICKY,Fullmoonfire#7131041
4,TRICKY,Emmerr#7628495
3,NHL,StevieScavengini#7412480
3,NHL,BIGDORSO#7104112
3,NHL,S4n3rgy#5273564
2,PGN gaming network,PGNDarKxImmortaL#1582578
2,PGN gaming network,PGNxNukem#6863196
2,PGN gaming network,PgnBlue Clamz#9455437