2,EPICx,opnicuh#2104882
2,EPICx,Mike Litoris#3119544
2,EPICx,Epicx#1042777
3,Ripper & The Boner Boiz,dong_Ripper#6456561
3,Ripper & The Boner Boiz,Alreadydead#5067906
3,Ripper & The Boner Boiz,OLDB3N
3,h-tahn stay-dahn,eljheffe#8310365
3,h-tahn stay-dahn,Soapyburrito#9903861
3,h-tahn stay-dahn,StIckman15
4,LUcky laDies,Helfiendz#9000939
4,LUcky laDies,Bilbo#9971695
4,LUcky laDies,YOLO_LOOSER243#8818671
2,Full Suit,mamaponderosa#8654756
2,Full Suit,Wicked#5098981
2,Full Suit,Lucifer#1901633
4,RED31,Reese_Deniro216#3431145
4,RED31,Blue_Cristalz7#6292517
4,RED31,Papileather#1283509
3,Here2die,SKARJR98#2388220
3,Here2die,FAINTINGGOATZ6#3385732
3,Here2die,DUMBESTWHARF619#6900987
4,Smurf Gaming,Smurfman30#7590719
4,Smurf Gaming,DasMunichMike#8203993
4,Smurf Gaming,TOMINATER#7098527
4,furzy,bluewaffle#6683175
4,furzy,PilotJoe#5673184
4,furzy,FamilarStranger#8157257
2,Breach brothers,Kollektor#1013481
2,Breach brothers,DAMAGEX#7300192
2,Breach brothers,Deceived#4014943
3,TTSDR,KennayePlayz#3183514
3,TTSDR,Squish#8612066
3,TTSDR,LABAYHD#3795360
4,CBA,Burtond50#2351986
4,CBA,Piercy33
4,CBA,bradenw11
2,Gooje soup,Bahamamoma#9963823
2,Gooje soup,Ch0nqdingo#5747225
2,Gooje soup,rPeyton18
1,God squad,Trello tha god#4396537
1,God squad,BOLo Vlogs#5653906
1,God squad,Handlespressure#6823324
3,4OneOhh,Cobra5point0
3,4OneOhh,Dan0974#3293659
3,4OneOhh,Chiefflash#6010699
3,B.D.E,TheBringDown#9356796
3,B.D.E,Maneaterfb#2691324
3,B.D.E,Woolendolphin19#7981868
1,Team G.E.T.S.,GebDaPleb#9720930
1,Team G.E.T.S.,UnholyWayz#9466720
1,Team G.E.T.S.,Skade#6939299
2,Surface Dwellers,Surf4ced#4654242
2,Surface Dwellers,td01#9338415
2,Surface Dwellers,Bristow#4723586
2,B2b,HippedyHop#6753242
2,B2b,Decepti#1043826
2,B2b,tryanhd
2,Slidell,WALKINBRICK#6934366
2,Slidell,Spyder_420
2,Slidell,DCURE#8823758
2,KARNAGE Clan,sahsouh#5771100
2,KARNAGE Clan,Apollo#7699690
2,KARNAGE Clan,turboman#1141540
2,Dior demons,houdeanii#1204922
2,Dior demons,BoOtybandit#2895802
2,Dior demons,Dnutz#8881603
2,las vegas luchadors,glizygobbler#3977212
2,las vegas luchadors,Bluerosegeneral#7426783
2,las vegas luchadors,User30985100#9965373
3,The autobots,Scarlit scandal_#8888452
3,The autobots,Shunsui kyoraku#2009032
3,The autobots,Kush#3544578
3,ZERP,ANxotter#3472247
3,ZERP,HellHammer6#3608557
3,ZERP,Project Baby#5328486
1,USTX,HIBRYD#2608850
1,USTX,Chewiestsloth#5965177
1,USTX,Kryptvn#8954495
2,ireland all stars,YoloSwagusRex#1249371
2,ireland all stars,Whaley 92#4872705
2,ireland all stars,Jackoneill1997#3175275
3,Pockets of beef lomein,TheBigCornedBeef#8232660
3,Pockets of beef lomein,Kingcutta83#5342885
3,Pockets of beef lomein,Pocketsoc10#9121109
4,KaOz krew,Jmbroncoisback
4,KaOz krew,THEGEMSTONE14#2448564
4,KaOz krew,KingDingAling16#8443960
2,Zesters,Drzuz#4852132
2,Zesters,BeastoftheEast#1073485
2,Zesters,Sammyfanatic#7332426
3,Sunder's Bunber,SonOfSam#6284943
3,Sunder's Bunber,trapmanlet#6179764
3,Sunder's Bunber,MICHAELVICC#9913772
4,Pp Boyz,Thickumesmcgee#7125930
4,Pp Boyz,Spaceshipuzi#8620093
4,Pp Boyz,WIGGITYOWNED#8539699
3,The ram rods,Chefsnail#4723278
3,The ram rods,E Rex Sean#8317769
3,The ram rods,NAdnerb#9924852
2,Monarchs,KINGxDESTROYERxX#4669337
2,Monarchs,Kingxcruzxx#3012075
2,Monarchs,debeli dijete#4169846
3,GOOUCH Sweat,GOOUCHpimple#4654303
3,GOOUCH Sweat,comeonup#2027780
3,GOOUCH Sweat,Xllx bob xllx#8551906
4,gamesters,toxikplaya420#7858436
4,gamesters,Born_killer420#7999874
4,gamesters,Phantomcylo#3832682
4,Maleezers,mattosborne888#8906709
4,Maleezers,julienbanana#7665939
4,Maleezers,GKATS#2702524
3,The sicarios,DEaDshot#4995720
3,The sicarios,MuDaFuknJBug#4763112
3,The sicarios,Whocares#8454049
2,ShmEat team 6,Sergeant Silber#4976830
2,ShmEat team 6,iamlynch91
2,ShmEat team 6,Colonel Mustard#8114845
2,82nd,Reptile69#1235415
2,82nd,PROJ3CTSYL3NT
2,82nd,BIGBRANN33#7722539
3,TeamTreil,RomeTag#6800883
3,TeamTreil,treil__
3,TeamTreil,Simply_Tay4#9939214
2,The RED TEAM,ragnar#3358764
2,The RED TEAM,Eldiablos_slave#8952884
2,The RED TEAM,swaggerkohli#6707315
4,team rittyboy,rittyboy#2888226
4,team rittyboy,Plap#4850291
4,team rittyboy,nOBAMA noDRAMA#1221462
2,mystery Inc.,hockeyfreakk19
2,mystery Inc.,Sir Doinksalot#4643398
2,mystery Inc.,FaZe Ragg#5451304
2,The coyotes,Rexsus1
2,The coyotes,YeOldePlatypus#6182698
2,The coyotes,chunkamonk
4,SMall Trojans,heavyfeathrz#7463066
4,SMall Trojans,HoseMonster3000#8550343
4,SMall Trojans,JOSHTHASAVAGE#8701278
3,the boys,Urbeardsweird#2866706
3,the boys,DeathFromABoob#6002483
3,the boys,Joeybombs66#6080078
3,The three amigos,D6am6ie6n#1836098
3,The three amigos,Snapcryptic#4122352
3,The three amigos,Mac18812#1057008
4,Scalpers,-tHUNDER-#1255154
4,Scalpers,Dobby#6184203
4,Scalpers,Thund3rstruck
2,The Fellowship,asllew
2,The Fellowship,thesternfinger#5510374
2,The Fellowship,Big Game 07#3940534
4,No talent Goofs,RaZor0221#6290054
4,No talent Goofs,Pucksahoy#9623465
4,No talent Goofs,Steve pre#7662813
3,Krusty krab Krew,Sorry#2559719
3,Krusty krab Krew,Cartoon#9616998
3,Krusty krab Krew,User20651492#5082364
4,Bonitafish,ptownburke#8206729
4,Bonitafish,BOBBY920#6281595
4,Bonitafish,Matt the FIERCE#7979910
4,Asian evasion,Swish777#8755232
4,Asian evasion,Gavia11#4995745
4,Asian evasion,jahPee
1,We are old,dapill#3983741
1,We are old,physique brah
1,We are old,pantsgnome#9152436
3,Come & Take Em!,FoxTrot0FKS_FBLV#4555774
3,Come & Take Em!,MOLON_LABE#5333449
3,Come & Take Em!,trashCan#4516137
4,The brown weenie group,DrBank420#2911136
4,The brown weenie group,Sendit#9076661
4,The brown weenie group,Jmurfs
4,trendzesports,xxlionxx2220
4,trendzesports,Gmann35
4,trendzesports,Zslayem#5680522
4,Triple threat,Tertianhawk8#7805212
4,Triple threat,captainstiffy#9436118
4,Triple threat,WutRuDoinStepSis#1050700
3,Dog Town,DASFUNK101#4471094
3,Dog Town,PatchAdams#3549471
3,Dog Town,Dog#7510128
4,The all americans,Bleached_libra#6137975
4,The all americans,killamike#9043820
4,The all americans,Scoptimus Prime#1150359
1,The Groomsmen,Bonatrick#3674848
1,The Groomsmen,Ghost#2269622
1,The Groomsmen,Fenix#5534367
3,Logans soldiers,AMNESIA#1963068
3,Logans soldiers,CollateralDAmage#4095517
3,Logans soldiers,daddyd#7063170
3,Prancing City Farmers,intoxicated#9087413
3,Prancing City Farmers,TheUkie#8708632
3,Prancing City Farmers,Youtastenummy#5019831
2,stank boyz 2.o,Daxis#8902737
2,stank boyz 2.o,BALMYPOLECAT
2,stank boyz 2.o,Thiqbaldie#8557764
4,Final Bovine Blisters,Dark poop#4925168
4,Final Bovine Blisters,A Drunken HORSE#6192235
4,Final Bovine Blisters,TheRedRocket#7177057
4,The soul Eaters,Billybirts92#8199935
4,The soul Eaters,SgtMittens21#3876036
4,The soul Eaters,RealVinyl#6715788
3,Delta force,Bnizzle#9154635
3,Delta force,PEATEARgriffen
3,Delta force,oGX reaper x#3537655
3,LOUISBURGER JOINT,TR33HOUSE#5059484
3,LOUISBURGER JOINT,ca9201989#5858309
3,LOUISBURGER JOINT,MisterartmAn#6118381
2,Apple Pie,LickMyLeftTwix#4643729
2,Apple Pie,HautianDoge#4070878
2,Apple Pie,Pureshotperk#9039375
4,WARZONE MILITIA,Bkillingu78#3503763
4,WARZONE MILITIA,Tupac94#4124223
4,WARZONE MILITIA,Marlboro_man#1753730
3,Coalition of nerds,TheChubbyBizkit#5154579
3,Coalition of nerds,Fame Charged#8747397
3,Coalition of nerds,Thegianthotdog#4227930
3,SIMP,WillieP1#2147103
3,SIMP,KABIRKHAN14#6710939
3,SIMP,Kobiashibeardog#6851108
2,Good timers,Good Time bk#2996459
2,Good timers,fattboii714#6928920
2,Good timers,Purefinisher#8962326
3,Juicy Plums,Jstafford1992#6307570
3,Juicy Plums,Plumkrahezy#3287491
3,Juicy Plums,AK1300#3938861
4,Straights-Shooters,Jb0ss1
4,Straights-Shooters,NiteGlitch#5160386
4,Straights-Shooters,Suppliesmothamil#9305218
1,Top Guns,RainofBlood#7524044
1,Top Guns,camel#9722991
1,Top Guns,GeneralStache#1158106
3,Krisp boyz,Extingwished#5642270
3,Krisp boyz,JohnWick496#1114214
3,Krisp boyz,Eddizzle75#7012677
2,Los Animals,Hiiste
2,Los Animals,Meno2100#8724091
2,Los Animals,Thoopgawd#1140117
3,Pipefitting outlWs,James earl RAy#3333241
3,Pipefitting outlWs,soakraider83
3,Pipefitting outlWs,Supreme#1372485
4,Kush's Killers,KILLERKUSH420#7217587
4,Kush's Killers,KkerNelFSandersC#2374161
4,Kush's Killers,Roco#4801485
3,All-Stars,InFamousOne7237#5013538
3,All-Stars,MLP_CUH#1421055
3,All-Stars,Don PEPE#3470387
2,Noggin kNockers,Chicobean#1295180
2,Noggin kNockers,Koldmorth#2851891
2,Noggin kNockers,LilSlimezz#3365844
4,DAY1,duddas#3039636
4,DAY1,Ncdog#7187370
4,DAY1,Broadway#1410061
2,Empty clips,ec Rippin#7408399
2,Empty clips,ec RIG#9318258
2,Empty clips,eC Steven#3497077
3,GSR Squad,gOTsHADESON#4124211
3,GSR Squad,Rayer2975#5780903
3,GSR Squad,soggywaffles#3789890
4,Creep slayerz,Emrysespieces
4,Creep slayerz,Netflix N Kill#7213312
4,Creep slayerz,Phon#4685273
1,Ronald anD the chicks,Xxmolon_lavexX#5124278
1,Ronald anD the chicks,shroud#5774196
1,Ronald anD the chicks,Doozy#4154976
2,ShowTime,Erneth#8481957
2,ShowTime,Nsta#5891317
2,ShowTime,supersoldier019
4,phantim squad,MRPHANTIM#9494831
4,phantim squad,srl64#7981982
4,phantim squad,kryptonite027
2,Wesley Breiland,Ak47lYnch#6762397
2,Wesley Breiland,B3nnyblanco#5921081
2,Wesley Breiland,Severn#8768201
2,A1A gaming,XALPHA1ACTUALX#3481405
2,A1A gaming,Runfrmme#4845732
2,A1A gaming,DrCheddar#4851705
3,"ed, edd n eddy",swizzie#2296440
3,"ed, edd n eddy",kanelgx#8917315
3,"ed, edd n eddy",Daredevil1906#4121276
1,Full Send,jibb#9777354
1,Full Send,atlastac#2605307
1,Full Send,obiwansama#4895385
2,glocky,riley#2667258
2,glocky,Mister#5298786
2,glocky,bluesclues#1114959
4,Los de gto,gto_snipes#5469422
4,Los de gto,Acltear77#5184834
4,Los de gto,ElbryAn56#3843613
3,The mathematicians,N4 S0LD13R#7387153
3,The mathematicians,BLR_Donut#8325344
3,The mathematicians,XXWYKDTRONXX#6161844
4,lOS cABALLEROS,BNL-528#8144084
4,lOS cABALLEROS,Covid69#4000405
4,lOS cABALLEROS,Matadorjr914#5943741
2,S7BI,chockams#6178146
2,S7BI,xRB Ledaf#2200743
2,S7BI,Yrn-spacecadet#3146470
2,Eeyore,Fuuphoo#2537161
2,Eeyore,MASTERDDOG#1529289
2,Eeyore,BEEBBOP#9857108
3,The dome squad,RiVErRaT093011#9001981
3,The dome squad,Braido2x#8760702
3,The dome squad,POOTIE_tang#9194814
4,2iLL,BigBangDanglerr#3086012
4,2iLL,rayg200#6314011
4,2iLL,TiMBER Da BoSS#9735312
3,Loaf Gang,stormennd#1408202
3,Loaf Gang,Two11nate
3,Loaf Gang,Robitrice
2,badcompany,TeamDrizztv#8082643
2,badcompany,NIteRyder#1832498
2,badcompany,texas_1953#8989610
4,ClusterStrikers,TheArcadiac#1090112
4,ClusterStrikers,Ambient#5982948
4,ClusterStrikers,KhaosKalamity#2125477
2,La Cucarachas,I-I u n g#9696538
2,La Cucarachas,AYYYYY KAMP#1312974
2,La Cucarachas,lilyus99
3,Hiiipowerwrrzn,Krayziekev#4298158
3,Hiiipowerwrrzn,ABARRERA731
3,Hiiipowerwrrzn,Bry2908#3593307
3,Lazer FOCUSED,floopyDONKey09
3,Lazer FOCUSED,casaguy24
3,Lazer FOCUSED,Popejontheonly#8079676
3,Verdansk SANITATION,Fortysiamang542#2982083
3,Verdansk SANITATION,Gizzabe36#1422165
3,Verdansk SANITATION,LordWayne#5881991
3,The FLying Wingnuts,Davo_quavo#9189530
3,The FLying Wingnuts,KinglyTrash4754#6368539
3,The FLying Wingnuts,NighthAwk678#5163337
4,A punishment,da_captin88#5336023
4,A punishment,JEFFY_SENPAI#7994519
4,A punishment,skywarp#4991215
3,The pillagers,spookasaurus#6347644
3,The pillagers,Dang3rdoom312
3,The pillagers,Evilgi4ntp4nd4#2857347
2,GRIM,Cheech323#6106740
2,GRIM,pancholin37
2,GRIM,MessiahBenzz#3552959
2,Halcon95 & The Boys,Halcon95#3025846
2,Halcon95 & The Boys,TXJlAtes
2,Halcon95 & The Boys,TX Tatted#5963654
3,Goonies,Flashmvngabe#3097024
3,Goonies,Yuhboylaboy#6527175
3,Goonies,BabyDon#7135057
1,DIEATSUPERSTORE,YunggMop#9996748
1,DIEATSUPERSTORE,Scarecrow#2485830
1,DIEATSUPERSTORE,Yungched#8093348
3,DYXE,H0ney n VINEGAR#6411443
3,DYXE,Wilk#4223766
3,DYXE,KickurastronaUt#9111033
2,ODin gaming,RevisedTITAN#4485308
2,ODin gaming,Gordan rams me#9528612
2,ODin gaming,TIBBS117#8873102
1,Limitless,blackhulk585#7104565
1,Limitless,Hamlin31#5853956
1,Limitless,Trystin8
1,Team Arrowhead,Icetray#2822170
1,Team Arrowhead,Blue Jay#5859315
1,Team Arrowhead,BluuuJ#8021754
1,NOA1D,StampyBaby#9372182
1,NOA1D,OptiJoy#1254106
1,NOA1D,B1MAC
4,The Mouthbreathers,Timmy#7906218
4,The Mouthbreathers,Gpow#9222326
4,The Mouthbreathers,Harry#9691105
2,The sWeatbags,Daddylonglegs#2107888
2,The sWeatbags,Im a sweatbag#3469505
2,The sWeatbags,Tempest#4807695
2,XMR,TTVMochacar#6479457
2,XMR,XceLL#9865778
2,XMR,ReFrog#9202558
3,301 Boys,Zae#9198536
3,301 Boys,TOONCHI3#4516448
3,301 Boys,Jay#1731736
1,ANTI LAVAVAJILLAS,andrescrack01#2487127
1,ANTI LAVAVAJILLAS,DirtySwordx#1760001
1,ANTI LAVAVAJILLAS,FercracK04#7804105
4,Trash panda,Firebolt marine#5981753
4,Trash panda,the3337Hunter#8740011
4,Trash panda,HandsofWars
4,Wookies rGv,happywookie28#6116971
4,Wookies rGv,kitz117#8723677
4,Wookies rGv,Freak12367#7342834
3,Lucky shots,YoungblEezy#9106644
3,Lucky shots,The GOAT 650#7212637
3,Lucky shots,shakyhans#6675944
2,drunk by noon,Papivink#1474408
2,drunk by noon,Warmachine_11_#7964083
2,drunk by noon,TDony#6474506
1,Spades ESPorts,Stickzy#1214276
1,Spades ESPorts,Just Ice#9645346
1,Spades ESPorts,ViperActor#9066744
3,Cold Blooded Kilos,Jenksmeister#9805993
3,Cold Blooded Kilos,icewolf_leGend#9923944
3,Cold Blooded Kilos,POWERPOD RAWBANT#7276596
2,fuggedaboutit,whosur_yeti#3917228
2,fuggedaboutit,billcams#2130855
2,fuggedaboutit,zittymcgee#7155037
1,dream team,notapro#7980886
1,dream team,sketchy#8927031
1,dream team,Glimmer#1902534
1,Triad,ALFAANERO#5751694
1,Triad,WoRy15#4423295
1,Triad,Ralphrobika#7331078
4,You almost had us,Imgunnaeatursoul
4,You almost had us,Bobbyem1034
4,You almost had us,utubegreenwolf95#3234979